gid,심야약국,응급실,심_응,약국,소방서,경찰서,안전상비,버스정류소,지하철,어린이집,유아인구수,총인구수
다사6453,0,0,0,2,0,0,3,5,0,3,411,9295
다사5651,0,0,0,5,0,1,31,26,4,4,205,12478
다사6157,0,0,0,11,0,0,16,40,4,23,1052,29822
다사5858,0,1,1,15,0,0,20,38,1,6,388,23787
다사5347,0,0,0,1,0,1,3,5,2,9,590,11880
다사5955,0,0,0,5,0,0,9,15,1,10,692,19826
다사5748,0,0,0,0,0,0,0,0,0,0,59,893
다사7152,0,0,0,5,0,0,8,19,0,12,1112,13070
다사5961,1,0,1,12,0,0,24,25,0,17,907,29128
다사6549,0,0,0,3,0,0,5,11,0,5,224,7027
다사6163,0,0,0,2,0,0,6,13,0,7,498,17753
다사4051,0,0,0,8,0,0,12,27,1,10,654,12635
다사5747,0,0,0,5,0,0,8,6,0,1,278,9516
다사5947,0,0,0,18,0,0,29,16,1,3,379,11363
다사5662,0,0,0,1,0,0,3,5,0,2,84,4814
다사5863,0,0,0,1,0,0,6,11,0,6,206,8598
다사6255,0,0,0,17,0,1,15,31,3,8,657,24604
다사5547,0,0,0,5,0,1,13,13,0,9,376,16605
다사6348,0,1,1,20,0,0,34,26,1,8,644,24111
다사4942,0,1,1,26,0,1,29,36,1,11,527,35060
다사5158,0,0,0,0,0,0,0,0,0,0,0,0
다사6457,0,1,1,9,1,1,5,21,1,8,290,10390
다사5963,0,0,0,12,0,0,25,36,0,7,515,24925
다사4146,0,1,1,14,0,0,16,35,0,21,1417,29697
다사3949,0,0,0,0,0,0,0,5,0,0,0,0
다사5853,0,0,0,13,0,0,32,20,2,12,451,20573
다사4959,0,0,0,3,0,0,2,16,0,11,557,14517
다사5653,0,0,0,7,0,1,14,20,1,7,366,16824
다사5761,0,0,0,8,0,0,15,29,1,3,403,16949
다사6647,0,0,0,14,1,0,7,18,0,9,594,14489
다사5359,0,0,0,0,0,0,0,0,0,0,0,0
다사3952,0,0,0,19,0,0,23,36,2,24,998,31068
다사5156,0,0,0,0,0,0,1,7,0,1,125,4731
다사5148,0,0,0,6,0,0,12,35,1,17,1178,28200
다사4740,0,0,0,14,0,0,18,24,0,22,743,30820
다사4645,0,0,0,14,0,0,15,34,2,17,1072,25967
다사5151,0,0,0,14,0,0,15,24,0,16,1261,22329
다사6542,0,0,0,0,0,0,1,7,0,0,38,1325
다사4248,0,0,0,13,0,0,25,45,2,20,1240,43806
다사6046,0,0,0,16,0,1,19,19,1,8,720,18023
다사6264,0,0,0,0,0,0,0,0,0,0,0,120
다사4752,0,0,0,13,0,1,13,21,0,20,1245,32049
다사4247,0,0,0,9,0,1,20,21,1,14,787,31193
다사5448,0,0,0,1,0,0,8,14,1,3,72,2725
다사6745,0,0,0,8,0,1,15,19,0,10,877,22315
다사5352,0,0,0,15,0,2,17,34,1,14,225,6202
다사3854,0,0,0,0,0,0,0,1,0,0,11,592
다사6250,0,0,0,16,0,0,20,25,2,11,560,23339
다사5652,0,1,1,39,0,3,24,35,3,1,76,7634
다사4955,0,0,0,14,0,1,11,17,0,13,1266,26333
다사5062,0,0,0,0,0,0,0,2,0,0,0,17
다사6848,0,0,0,23,0,0,29,26,1,16,1062,34985
다사5248,0,0,0,9,0,1,18,36,1,9,549,13611
다사5461,0,0,0,0,0,0,0,0,0,0,0,8
다사6640,0,0,0,0,0,0,0,2,0,0,0,9
다사6751,0,0,0,0,0,0,0,3,0,1,24,888
다사5841,0,0,0,4,0,0,5,27,0,7,299,6696
다사6451,0,0,0,0,0,0,2,8,0,1,110,3852
다사6147,0,0,0,0,0,0,1,0,0,0,9,322
다사5954,0,0,0,6,0,1,9,20,1,7,330,16851
다사5856,0,0,0,20,0,1,19,31,1,17,964,26418
다사6059,0,0,0,3,0,0,3,14,0,3,284,8025
다사7153,0,0,0,0,0,0,0,0,0,0,0,0
다사5247,0,0,0,17,0,0,11,24,2,6,548,11684
다사4446,1,0,1,5,0,0,10,29,0,8,736,26422
다사6146,0,0,0,3,0,1,7,10,1,4,309,7945
다사5550,0,0,0,0,0,0,3,5,0,0,28,1283
다사4847,0,0,0,5,0,0,11,12,1,9,132,3019
다사5563,0,0,0,0,0,0,0,0,0,0,0,0
다사6148,0,0,0,16,0,1,21,22,1,10,616,20654
다사6650,0,0,0,1,0,0,2,0,0,10,550,8741
다사3851,0,0,0,5,0,1,5,23,0,3,72,3936
다사6350,0,0,0,17,0,0,29,24,1,16,667,25303
다사5647,0,0,0,0,0,0,2,1,1,1,149,5077
다사6057,0,0,0,11,0,1,14,51,0,11,760,17888
다사6742,0,0,0,6,0,2,11,26,0,18,1127,21861
다사5454,0,0,0,0,0,0,1,13,0,1,22,1058
다사6359,0,0,0,0,0,0,0,2,0,0,0,0
다사6850,0,0,0,13,0,1,15,34,1,16,1951,40184
다사6349,0,0,0,9,1,1,20,18,0,13,872,31682
다사4756,0,0,0,4,0,0,8,23,0,4,489,16204
다사5759,0,1,1,25,0,1,34,45,1,10,702,31469
다사4745,0,0,0,17,0,0,17,45,0,14,1418,31905
다사4851,0,0,0,6,0,0,28,37,0,6,507,22152
다사6950,0,1,1,22,0,2,12,27,2,6,750,20769
다사4147,0,0,0,15,0,1,26,11,0,26,978,32196
다사7050,0,0,0,9,0,1,10,24,0,15,2447,31795
다사6053,0,1,1,16,0,1,23,26,3,16,820,24214
다사4650,0,0,0,0,0,0,4,5,0,1,66,2096
다사5754,1,0,1,15,0,1,35,38,4,11,377,23010
다사5250,0,0,0,13,0,0,18,23,0,13,1372,33706
다사5755,0,0,0,15,0,0,17,32,0,17,1110,34211
다사5048,0,0,0,0,0,0,2,1,0,0,40,1156
다사5342,0,0,0,16,0,1,27,18,2,15,901,37178
다사4840,0,0,0,5,0,1,4,16,0,12,567,16977
다사6052,0,0,0,15,0,1,23,29,1,15,1420,28842
다사5544,0,0,0,4,1,1,10,22,0,5,805,20009
다사5355,0,0,0,0,0,0,0,0,0,0,12,333
다사5648,0,1,1,11,0,1,13,23,0,3,389,10788
다사6550,0,0,0,1,0,0,3,5,0,1,118,3485
다사4640,0,0,0,7,0,0,25,21,0,17,1452,26691
다사6841,0,0,0,1,0,0,4,4,0,10,478,6341
다사5452,0,0,0,37,0,4,48,42,2,14,40,3882
다사4444,0,0,0,6,0,0,9,12,1,13,520,11773
다사4845,1,0,1,12,0,0,18,43,0,20,999,29998
다사4052,0,0,0,6,0,0,12,24,1,10,617,14631
다사7051,0,0,0,2,0,0,7,11,0,5,762,13326
다사6547,0,1,1,13,0,0,3,9,0,7,812,14418
다사5449,0,0,0,8,0,0,14,25,0,4,310,14811
다사6152,0,0,0,11,0,1,32,17,0,21,1350,36397
다사5640,0,0,0,0,0,0,0,0,0,0,0,81
다사5450,0,0,0,0,0,0,3,11,0,3,155,5748
다사4252,0,0,0,3,0,0,2,12,0,8,594,14210
다사6846,0,0,0,0,0,0,0,4,1,0,0,248
다사5147,0,0,0,1,0,0,4,5,1,2,165,5048
다사6242,0,0,0,0,0,0,1,2,0,2,217,6321
다사5664,0,0,0,0,0,0,0,0,0,0,0,0
다사6363,0,0,0,2,0,0,3,7,0,5,189,9841
다사6251,0,0,0,13,0,0,22,25,0,9,659,22120
다사6065,0,0,0,3,0,1,4,15,1,11,490,12348
다사4442,0,0,0,1,0,0,5,6,0,0,8,1994
다사4644,0,1,1,13,0,1,27,42,0,13,640,23733
다사5150,0,0,0,18,0,1,20,25,3,25,1820,30418
다사5646,0,0,0,3,0,0,3,9,1,4,583,15054
다사5045,0,0,0,21,0,1,18,38,1,14,893,30289
다사4643,0,0,0,21,0,3,27,31,2,21,837,26562
다사5842,0,0,0,12,0,0,9,15,2,2,146,3059
다사4848,0,0,0,1,0,0,2,3,0,3,9,393
다사6648,0,0,0,22,0,1,26,25,3,18,840,27856
다사4841,1,0,1,18,0,0,19,25,0,14,686,27618
다사4946,0,0,0,17,0,0,17,28,2,8,613,15823
다사4846,0,1,1,8,0,1,16,10,2,8,377,19532
다사4142,0,0,0,1,0,1,1,19,0,11,370,10958
다사6345,0,0,0,41,0,1,34,24,2,6,1316,39483
다사5552,0,0,0,23,0,1,22,35,5,7,67,4147
다사6254,0,0,0,13,0,1,21,28,0,7,603,23260
다사5161,0,0,0,0,0,0,0,0,0,0,0,122
다사6744,0,0,0,14,0,0,13,23,1,14,1047,26124
다사4547,0,0,0,4,0,0,14,14,1,13,740,16855
다사6161,1,1,1,35,0,1,30,33,2,20,788,26704
다사5159,0,0,0,0,0,0,0,0,0,0,0,18
다사4943,0,1,1,22,0,1,50,35,0,13,747,41853
다사6039,0,0,0,0,0,0,2,15,0,6,260,5094
다사6446,0,0,0,22,0,0,7,14,0,14,938,23426
다사7049,0,0,0,1,0,0,4,11,0,1,209,5214
다사4945,0,0,0,6,0,1,9,29,0,7,630,24572
다사7149,0,0,0,0,0,0,0,2,0,2,10,654
다사4647,0,2,1,14,0,1,33,28,2,16,836,22492
다사5959,0,0,0,6,1,0,14,35,0,12,614,23042
다사5047,0,0,0,2,0,0,2,6,0,0,143,3101
다사5549,0,0,0,0,0,0,6,16,1,1,84,2855
다사5848,0,0,0,2,0,0,3,0,0,0,401,9728
다사6138,0,0,0,0,0,0,0,0,0,0,0,36
다사6050,0,0,0,1,0,0,6,6,0,4,218,7384
다사6448,1,0,1,8,0,0,6,13,1,8,604,14588
다사6543,0,0,0,4,0,1,4,6,0,2,235,9689
다사6341,0,0,0,1,0,0,4,2,0,3,317,7943
다사6441,0,0,0,1,0,0,7,9,0,5,386,9845
다사5753,0,0,0,10,0,1,20,22,2,9,938,29255
다사4243,0,0,0,3,0,0,7,15,0,9,542,22419
다사5948,0,0,0,0,0,0,2,2,0,1,227,4045
다사5153,0,0,0,1,0,0,4,7,1,6,459,10267
다사4242,0,0,0,1,0,0,3,7,0,2,256,6603
다사5146,0,0,0,4,0,0,7,14,1,1,167,3703
다사6851,0,0,0,0,0,0,0,3,0,1,398,7518
다사6948,0,0,0,1,0,0,0,4,0,1,26,1161
다사6343,0,1,1,18,0,1,11,21,0,9,348,14564
다사6162,0,0,0,20,0,1,25,47,0,31,1258,36685
다사4856,0,0,0,12,0,1,29,40,0,20,1082,41879
다사6243,0,0,0,13,0,0,8,21,2,10,569,17597
다사6365,0,0,0,0,0,0,0,0,0,0,0,6
다사6456,0,0,0,13,0,0,12,25,0,29,1099,32558
다사6443,0,0,0,10,0,0,7,10,2,6,323,9523
다사6644,0,1,1,17,0,1,23,17,3,15,1257,30761
다사3941,0,0,0,0,0,0,0,0,0,1,74,933
다사5040,0,0,0,0,0,0,4,3,0,2,197,8641
다사6944,0,0,0,8,0,0,9,11,0,8,433,19906
다사5560,0,0,0,0,0,0,0,0,0,0,0,20
다사6353,0,1,1,24,0,1,28,30,1,15,1246,37748
다사4541,0,0,0,1,0,0,7,30,0,0,34,2446
다사4449,0,0,0,14,0,0,18,18,1,16,1185,37437
다사5357,0,0,0,0,0,0,0,12,0,0,75,1898
다사4746,0,1,1,28,1,2,31,31,1,8,392,15392
다사5943,0,1,1,9,0,0,22,17,1,6,787,22192
다사4839,0,0,0,2,0,1,5,18,0,8,536,17175
다사5745,1,0,1,25,0,0,34,19,2,5,642,23573
다사6156,1,0,1,17,0,0,19,16,1,10,835,25244
다사4654,0,0,0,0,0,0,2,5,0,1,311,5739
다사5043,0,0,0,5,0,1,12,41,0,16,865,30041
다사3749,0,0,0,0,0,0,0,0,0,0,0,0
다사4758,0,0,0,0,0,0,0,0,0,0,22,494
다사4153,0,0,0,0,0,0,0,2,0,1,82,1668
다사5258,0,0,0,0,0,0,0,0,0,0,0,7
다사6247,0,0,0,0,0,0,3,1,0,3,233,6481
다사4940,0,0,0,2,0,0,3,21,0,4,283,14025
다사5140,0,0,0,1,0,0,2,21,0,2,0,0
다사4860,0,0,0,4,0,1,5,8,0,7,371,11838
다사6548,0,0,0,4,0,0,1,6,0,0,220,6146
다사6262,0,0,0,20,0,0,24,24,1,20,910,35198
다사6352,0,0,0,8,0,0,20,19,1,8,576,23542
다사4045,0,0,0,0,0,0,0,4,0,1,71,1958
다사5743,1,0,1,19,0,1,23,31,1,12,667,18628
다사5846,0,0,0,13,0,2,29,17,1,1,164,7987
다사5751,0,0,0,26,1,2,29,28,3,15,1040,30806
다사4954,0,0,0,2,0,0,4,31,0,6,823,15155
다사5849,0,0,0,1,0,0,2,13,0,1,117,1786
다사5756,0,0,0,18,0,1,18,38,1,27,1928,41024
다사6750,1,0,1,17,0,0,28,23,1,19,1108,35683
다사6447,0,0,0,0,0,0,0,0,0,0,18,456
다사5660,0,0,0,1,0,1,7,28,0,3,326,13069
다사4151,0,1,1,21,0,0,29,28,1,10,379,13996
다사5659,0,0,0,1,0,0,2,14,0,1,199,5985
다사5240,0,0,0,0,0,0,0,7,0,0,62,874
다사4448,0,0,0,6,1,0,15,17,0,12,767,31869
다사4451,0,0,0,0,0,0,1,0,0,0,90,1471
다사6556,0,0,0,0,0,0,5,13,1,4,103,2645
다사6655,0,0,0,0,0,0,0,2,0,0,0,0
다사7052,0,0,0,0,0,0,1,0,0,1,293,3227
다사4345,0,0,0,12,0,1,14,36,0,18,910,31586
다사4737,0,0,0,0,0,0,1,7,0,0,58,2613
다사4949,0,0,0,4,0,1,13,23,1,8,731,14982
다사6339,0,0,0,0,0,0,0,0,0,1,38,343
다사4048,0,1,1,10,0,0,18,13,0,11,386,19152
다사5039,0,0,0,0,0,0,0,0,0,0,0,0
다사6149,0,0,0,15,0,0,36,23,1,5,283,19112
다사4838,0,0,0,1,0,0,0,2,0,7,260,5617
다사6843,0,0,0,15,0,0,14,17,1,19,660,19191
다사4352,0,0,0,0,0,0,0,0,0,0,44,1239
다사4543,0,1,1,18,0,0,18,21,1,20,361,23614
다사4648,0,0,0,8,0,0,18,26,1,19,815,19063
다사5143,0,1,1,16,0,0,13,37,0,19,1300,40437
다사6245,0,0,0,8,0,0,16,14,2,5,500,16265
다사4044,0,0,0,2,0,0,9,24,0,6,424,13602
다사5663,0,0,0,0,0,0,0,0,0,0,0,112
다사4450,0,0,0,12,0,1,17,28,0,25,1788,36915
다사3852,0,0,0,2,0,0,7,8,4,5,447,12597
다사6555,0,1,1,6,0,0,4,10,0,5,306,9525
다사6151,0,0,0,14,1,0,27,14,1,6,387,14193
다사5655,0,0,0,3,0,1,9,43,0,10,482,13896
다사5861,0,0,0,11,0,0,11,30,1,15,643,26727
다사5554,0,0,0,8,0,2,16,30,0,2,281,15080
다사4749,0,0,0,1,0,0,0,4,0,0,0,120
다사5060,0,0,0,0,0,0,0,3,0,1,47,1276
다사6137,0,0,0,0,0,0,0,4,0,0,15,336
다사5343,0,0,0,6,0,0,13,25,0,21,1756,38987
다사5057,0,0,0,0,0,0,2,5,0,8,461,10533
다사5152,0,0,0,0,0,0,4,10,1,2,162,4984
다사6260,0,0,0,4,0,0,7,23,0,5,300,22736
다사6257,1,0,1,18,0,0,27,43,2,14,888,26251
다사6749,1,0,1,21,0,0,26,32,0,15,1022,36211
다사6045,0,0,0,26,0,0,47,23,4,9,246,12315
다사6545,0,0,0,29,0,0,29,20,3,16,864,30113
다사6746,0,0,0,6,0,0,5,8,2,0,317,12914
다사5551,0,0,0,14,0,2,35,13,2,3,110,7537
다사4143,0,0,0,6,0,0,9,32,1,13,609,17054
다사4843,0,0,0,12,0,1,17,22,1,10,463,22809
다사5456,0,0,0,0,0,0,0,0,0,0,12,244
다사6038,0,0,0,0,0,0,2,6,1,2,82,1935
다사6252,1,0,1,17,0,1,26,28,0,28,1587,32712
다사5244,0,0,0,0,0,0,4,18,0,4,374,8638
다사5852,0,1,1,8,0,1,23,25,0,11,931,24350
다사6258,0,0,0,22,0,1,34,45,1,17,844,32678
다사5059,0,0,0,0,0,0,2,1,0,2,113,3095
다사4545,0,0,0,11,0,0,15,37,0,32,1846,34067
다사6051,0,0,0,12,0,1,13,16,1,6,306,15246
다사6060,0,0,0,1,0,0,4,16,1,7,362,11587
다사5154,0,0,0,13,0,0,13,28,1,9,560,19509
다사6249,0,1,1,11,0,1,27,13,2,2,54,9858
다사3942,0,0,0,0,0,0,2,5,0,6,409,3699
다사5245,1,1,1,23,0,1,13,34,1,13,738,18828
다사5942,0,0,0,12,0,1,25,35,0,4,370,15207
다사5644,0,1,1,14,0,0,5,26,0,10,478,8345
다사5252,1,2,1,21,0,2,13,54,0,13,1092,26327
다사4246,0,0,0,8,0,1,12,13,1,22,1055,23463
다사4956,0,0,0,20,0,1,24,33,3,14,659,29183
다사5762,0,0,0,2,0,0,5,25,2,10,358,11128
다사4961,0,0,0,1,0,0,1,6,0,4,132,3668
다사5353,0,0,0,9,0,3,9,25,1,2,200,6798
다사5956,0,0,0,16,0,0,16,33,0,18,935,26458
다사5144,0,0,0,11,0,0,19,20,1,14,987,30760
다사4245,0,0,0,9,0,0,14,30,0,11,649,22057
다사6949,0,0,0,0,0,0,2,8,0,4,182,6510
다사3954,0,0,0,0,0,0,0,1,0,0,12,88
다사4760,0,0,0,0,0,0,0,2,0,0,0,0
다사6643,0,0,0,22,0,0,29,22,3,14,691,21119
다사4350,0,0,0,13,0,0,20,15,1,12,968,26209
다사4754,0,0,0,3,0,1,9,15,0,9,537,18955
다사4047,0,0,0,0,0,0,1,6,0,1,149,6379
다사5441,0,0,0,3,0,0,10,14,0,2,219,7410
다사6043,0,0,0,6,0,0,5,18,2,3,1183,35089
다사4144,0,0,0,9,0,1,14,19,0,9,553,20796
다사4351,0,0,0,9,1,0,17,21,1,19,893,27122
다사6158,0,0,0,7,0,0,10,22,0,24,943,24060
다사6346,0,0,0,3,0,0,0,0,0,12,971,23443
다사6454,0,0,0,7,0,1,18,28,0,15,596,27206
다사5558,0,0,0,0,0,0,0,0,0,0,0,18
다사5865,0,0,0,0,0,0,0,0,0,0,0,16
다사4652,0,0,0,0,0,0,3,17,1,2,264,4468
다사5742,0,0,0,5,0,0,7,18,0,1,249,8181
다사5639,0,0,0,0,0,0,0,1,0,1,69,1415
다사5457,0,0,0,0,0,0,0,4,0,0,0,226
다사6259,0,1,1,7,1,0,7,28,0,10,379,12970
다사4744,0,0,0,16,0,0,13,40,1,11,1062,28218
다사6442,0,0,0,1,0,0,2,9,0,2,109,2719
다사6340,0,0,0,0,0,0,1,9,0,3,40,808
다사5540,0,0,0,0,0,0,0,0,0,0,0,15
다사5447,0,0,0,0,0,0,0,1,0,1,0,6
다사5944,0,0,0,27,0,1,49,25,1,8,689,22912
다사5966,0,0,0,0,0,0,0,0,0,0,0,32
다사4854,1,0,1,20,0,1,25,39,1,11,815,30062
다사4553,0,0,0,1,0,0,7,34,0,10,340,10935
다사6646,0,0,0,2,0,0,8,7,1,2,220,6606
다사5962,0,0,0,17,1,2,20,28,1,16,895,33099
다사5162,0,0,0,0,0,0,0,2,0,0,0,67
다사6449,0,0,0,11,0,1,10,20,1,13,886,27226
다사5356,0,0,0,1,0,0,4,10,0,2,161,5582
다사5051,0,1,1,16,0,1,32,18,1,3,18,6521
다사4346,0,0,0,9,0,1,14,25,1,19,1034,30356
다사4738,0,0,0,6,0,0,12,24,0,13,443,15846
다사5451,0,1,1,30,0,1,33,30,3,8,126,5157
다사6063,0,0,0,17,0,0,13,23,1,30,1685,32594
다사6044,0,0,0,22,0,0,36,23,1,14,967,38148
다사6263,0,0,0,5,0,1,7,9,1,3,208,11106
다사3950,0,0,0,1,0,0,10,24,0,1,144,4639
다사6362,0,0,0,0,0,0,0,0,0,0,0,0
다사4757,0,0,0,1,0,0,6,18,0,9,490,16758
다사4443,0,0,0,3,0,0,3,22,0,9,494,9805
다사6145,0,0,0,7,1,0,18,25,0,2,38,3085
다사4544,0,0,0,9,0,1,15,27,1,10,500,20772
다사6444,0,0,0,7,0,1,15,10,1,9,797,25570
다사6165,0,0,0,0,0,0,0,0,0,0,0,50
다사4859,0,1,1,9,1,0,11,14,1,5,342,10222
다사4649,0,0,0,1,0,0,7,9,0,6,363,7610
다사6743,0,0,0,6,0,0,10,26,0,14,1022,26579
다사5958,0,0,0,7,0,0,11,44,0,7,488,17838
다사4753,0,0,0,10,0,0,15,27,3,16,650,20665
다사5641,0,0,0,0,0,0,0,1,0,0,12,230
다사5054,0,0,0,18,0,1,15,40,0,7,577,18890
다사6239,0,0,0,0,0,0,0,4,0,0,8,325
다사4641,0,0,0,17,0,1,31,45,0,14,625,24737
다사4447,0,0,0,21,0,0,24,23,1,13,1329,37171
다사5555,0,0,0,0,0,1,2,23,0,0,104,3762
다사5149,0,0,0,32,0,0,33,53,4,16,1269,30792
다사5157,0,0,0,0,0,0,0,1,0,0,9,483
다사5650,1,0,1,20,0,1,22,20,2,11,575,22037
다사5658,0,0,0,0,0,0,2,14,0,5,210,6038
다사5561,0,0,0,0,0,0,0,0,0,0,0,7
다사5042,0,0,0,16,0,0,25,22,1,14,892,34635
다사5541,0,0,0,0,0,0,0,9,0,1,84,2453
다사5556,0,0,0,1,0,0,5,9,0,4,86,3151
다사5857,0,0,0,22,0,2,22,38,1,13,847,28215
다사6747,0,0,0,17,0,1,19,23,1,11,782,23135
다사6058,0,0,0,8,0,1,9,45,0,14,722,21408
다사4651,0,0,0,0,0,0,3,6,0,3,186,4967
다사4639,0,1,1,4,0,1,7,21,1,8,354,11220
다사5862,0,0,0,11,0,1,16,40,0,24,1154,37780
다사4944,0,0,0,23,0,0,31,43,1,19,910,38779
다사5654,0,0,0,14,0,0,17,37,1,5,838,32388
다사5543,0,0,0,5,0,0,13,27,1,4,617,17778
다사6351,0,0,0,12,0,3,20,34,1,12,718,27682
다사6358,0,1,1,2,0,0,12,15,0,18,923,23060
다사4145,0,0,0,1,0,0,2,23,0,6,313,9025
다사5053,1,1,1,5,0,1,7,24,0,5,265,11614
다사5941,0,0,0,9,0,0,23,22,1,6,544,16218
다사6246,0,0,0,0,0,0,1,0,1,3,415,8548
다사6455,0,0,0,22,0,1,30,39,0,20,804,29274
다사5960,0,0,0,8,0,0,16,20,0,14,756,26733
다사7044,0,0,0,0,0,0,0,0,0,0,0,6
다사6445,1,0,1,11,0,0,26,16,0,10,779,24781
다사5757,0,0,0,16,0,0,15,36,1,24,1509,40303
다사6849,0,0,0,21,0,0,23,21,1,25,1319,39920
다사3951,0,0,0,8,0,0,19,22,2,17,1866,28118
다사4748,0,0,0,12,0,1,13,22,2,9,768,17551
다사5940,0,0,0,3,0,0,1,11,0,0,32,1061
다사6164,0,0,0,0,0,0,0,1,0,0,35,1916
다사5740,0,0,0,2,0,0,4,10,0,5,296,6859
다사5643,0,0,0,15,0,0,25,25,1,5,519,14683
다사5649,0,0,0,1,0,0,4,30,1,5,803,13889
다사6240,0,0,0,0,0,0,0,1,0,2,0,107
다사6037,0,0,0,0,0,0,0,0,0,0,0,10
다사6236,0,0,0,0,0,0,0,1,0,0,0,0
다사6142,0,0,0,4,0,0,4,14,0,2,591,11030
다사5642,0,0,0,7,0,0,13,30,0,5,594,16624
다사5939,0,0,0,0,0,0,0,4,0,0,0,9
다사4958,0,0,0,5,0,1,12,22,0,7,486,23747
다사4950,0,1,1,13,1,0,33,60,4,11,662,19365
다사5843,0,0,0,28,0,2,37,36,0,7,917,24026
다사5351,0,0,0,26,0,3,28,48,3,3,116,3383
다사6054,0,0,0,14,0,2,29,24,0,11,394,26605
다사6560,0,0,0,0,0,0,1,1,0,1,0,81
다사5055,0,0,0,3,0,0,6,18,1,6,794,15829
다사5964,0,0,0,3,0,1,7,23,1,3,238,10721
다사6040,0,0,0,0,0,0,0,6,0,1,23,770
다사5046,0,1,1,13,0,0,20,20,2,4,227,9863
다사3953,0,0,0,5,0,1,13,19,1,12,740,22078
다사5847,0,0,0,45,0,1,29,17,1,5,365,11257
다사6642,0,0,0,13,0,0,21,18,1,7,573,18414
다사4741,0,0,0,8,0,1,11,27,0,12,438,20931
다사6141,0,0,0,0,0,0,0,0,0,0,8,1143
다사4049,0,0,0,1,0,1,10,19,0,12,429,13551
다사6253,0,0,0,6,0,2,12,19,0,16,1045,23384
다사6160,0,0,0,10,0,1,10,36,1,24,1074,31375
다사3944,0,0,0,0,0,0,1,0,0,4,151,3580
다사5764,0,0,0,0,0,0,0,0,0,0,0,0
다사4343,0,0,0,12,0,1,9,20,0,16,673,16886
다사4844,0,0,0,13,1,2,16,34,1,20,1246,28076
다사6364,0,0,0,0,0,0,1,2,0,0,0,314
다사5760,1,0,1,21,0,1,27,27,1,17,906,35587
다사4952,0,0,0,9,0,1,14,30,0,1,259,11020
다사5354,0,0,0,0,0,1,2,6,0,1,53,1861
다사5160,0,0,0,0,0,0,0,0,0,0,0,13
다사4960,0,0,0,3,0,0,4,11,0,7,290,9803
다사4251,1,1,1,24,0,1,22,45,2,15,786,28296
다사6061,0,0,0,10,0,1,10,26,2,13,741,20225
다사5246,0,0,0,0,0,0,0,2,0,1,65,1153
다사6048,0,0,0,11,0,1,10,16,0,6,323,13620
다사3853,0,0,0,0,0,0,0,7,0,0,69,2285
다사5453,0,0,0,5,1,1,11,41,1,6,114,5744
다사5242,0,0,0,7,0,1,22,26,1,4,550,27169
다사5241,0,0,0,11,0,0,17,30,0,9,514,22728
다사6354,1,0,1,17,0,0,29,30,1,14,920,37665
다사6361,0,0,0,1,0,0,4,3,0,3,201,8031
다사4849,0,0,0,0,0,0,7,14,0,2,158,7320
다사5945,0,0,0,9,0,2,45,18,1,4,324,17674
다사6748,0,1,1,27,0,0,46,27,1,18,1428,45362
다사4347,0,1,1,17,0,1,27,26,1,17,796,28154
다사6244,0,0,0,0,0,0,0,4,1,2,231,6883
다사4043,0,0,0,1,0,0,5,25,2,4,315,8565
다사4149,0,0,0,26,0,1,33,20,1,21,1295,38053
다사5350,0,0,0,13,0,2,18,32,4,9,318,14437
다사5041,0,0,0,9,0,1,34,27,0,7,374,27607
다사5855,0,0,0,13,1,1,15,47,0,13,808,24662
다사5349,0,0,0,13,0,0,23,28,2,5,239,11406
다사5952,0,0,0,10,0,1,10,26,3,16,944,19478
다사4554,0,0,0,1,0,0,1,15,0,5,209,7543
다사6056,0,0,0,7,0,1,11,18,2,10,457,17329
다사4150,0,1,1,16,0,0,13,22,1,22,1175,35596
다사6847,0,1,1,10,0,2,6,17,1,7,398,10533
다사6042,0,0,0,4,0,1,11,23,0,7,809,19595
다사4858,0,1,1,11,0,0,19,45,0,13,595,28452
다사6357,0,0,0,3,0,1,8,25,1,17,834,21289
다사5050,1,0,1,23,0,0,34,42,2,5,590,19274
다사6844,0,0,0,13,1,1,18,15,0,21,681,25004
다사5440,0,0,0,0,0,0,1,3,1,3,101,1507
다사5645,1,0,1,20,0,1,5,22,4,8,936,21166
다사6952,0,0,0,0,0,0,0,0,0,0,0,0
다사6355,0,0,0,14,0,0,30,22,5,16,1263,36126
다사6049,0,0,0,16,0,1,28,29,1,8,543,16059
다사5553,0,1,1,19,0,0,10,24,0,3,42,3861
다사4050,0,0,0,5,0,1,7,26,0,17,901,21445
다사5257,0,0,0,0,0,0,0,5,0,0,36,1085
다사6645,0,0,0,18,0,1,19,16,1,13,1166,31971
다사5864,0,0,0,0,0,0,0,0,0,0,0,99
다사5052,0,0,0,0,1,0,2,3,0,1,95,4293
다사4539,0,0,0,1,0,0,0,6,0,3,46,1798
다사5953,0,0,0,35,0,1,14,31,2,2,252,15305
다사6248,1,0,1,12,0,2,27,24,0,19,1350,40245
다사5345,0,0,0,1,0,0,1,5,0,1,129,4664
다사5844,0,0,0,56,0,0,70,43,2,7,296,13232
다사5840,0,0,0,2,0,0,5,10,0,5,338,8770
다사6649,0,0,0,6,0,1,16,8,0,5,613,16916
다사6062,0,0,0,4,0,0,4,24,0,23,931,24130
다사6554,0,0,0,0,0,0,0,0,0,0,0,44
다사4743,0,2,1,23,0,1,24,24,1,11,625,25082
다사6064,0,0,0,9,0,1,18,33,1,20,841,28811
다사5145,0,0,0,9,0,0,19,41,1,13,1129,31893
다사4348,0,0,0,20,0,1,21,43,0,16,1011,35383
다사4042,0,0,0,2,0,0,5,20,0,9,1195,9726
다사5951,0,1,1,21,0,1,29,49,4,11,446,20286
다사5739,0,0,0,1,0,1,1,9,0,3,235,4578
다사5557,0,0,0,0,0,0,1,7,0,0,80,3801
다사6540,0,0,0,1,0,1,1,8,0,3,78,1702
다사4953,1,0,1,10,0,1,26,35,0,10,526,22266
다사4638,0,0,0,0,0,0,0,0,0,1,211,4750
다사4445,0,0,0,1,0,0,7,10,0,7,395,9059
다사6150,1,0,1,2,0,0,6,8,0,5,174,8231
다사6943,0,0,0,5,0,0,7,19,1,5,605,14385
다사4349,0,0,0,5,0,2,11,10,0,20,827,23861
다사3943,0,0,0,1,0,0,3,0,0,1,61,1790
다사6139,0,0,0,3,0,1,3,13,0,4,429,8039
다사4842,0,0,0,11,0,1,25,29,0,12,597,27190
다사6845,0,0,0,1,0,0,2,3,0,1,145,2589
다사5752,0,0,0,19,0,1,37,26,3,9,849,25113
다사6344,0,0,0,2,0,0,10,4,0,8,488,15957
다사5546,0,0,0,0,0,0,1,5,0,1,37,1217
다사5243,0,0,0,8,0,0,12,29,0,26,1467,32267
다사5249,1,0,1,9,0,0,16,29,1,16,851,24062
다사4739,1,0,1,31,0,0,28,52,0,14,687,28995
다사4855,0,0,0,24,0,0,33,34,1,17,1299,40574
다사5256,0,0,0,4,0,1,4,33,0,1,345,10130
다사4046,0,0,0,1,0,0,3,9,0,5,230,8022
다사6741,0,0,0,0,0,0,1,15,0,2,283,4222
다사4540,0,0,0,2,0,0,0,10,1,6,113,4625
다사5446,0,0,0,3,0,0,1,13,1,2,331,6917
다사5859,1,0,1,18,0,1,22,37,0,8,359,19294
다사6559,0,0,0,0,0,0,0,5,0,0,0,45
다사4653,0,0,0,15,0,1,17,31,2,15,311,9580
다사6951,0,0,0,3,0,0,5,9,0,7,474,12960
다사5141,0,0,0,0,1,0,1,7,0,1,72,2614
다사5657,0,0,0,5,0,1,9,37,1,20,1011,28679
다사6342,0,0,0,7,0,0,3,12,1,4,604,16230
다사4244,0,0,0,7,0,0,22,32,1,18,1215,31119
다사6842,0,0,0,4,0,1,10,26,0,15,1466,16143
다사4642,0,0,0,20,0,1,37,44,0,6,353,22757
다사4548,0,1,1,9,0,1,7,11,0,5,417,15441
다사5845,1,1,1,27,0,0,58,18,2,7,304,19704
다사6356,0,0,0,1,0,0,2,6,0,5,337,11234
다사5545,0,0,0,5,0,0,4,12,1,7,638,13591
다사4250,0,0,0,8,0,1,26,31,0,6,749,26065
다사6041,0,0,0,1,0,0,9,15,0,6,320,8739
다사6155,0,0,0,17,0,1,21,22,1,13,541,21831
다사5445,0,0,0,0,0,0,0,2,0,0,0,19
다사6055,0,1,1,2,0,0,13,11,0,4,76,5444
다사5850,0,0,0,11,0,1,12,78,1,22,1833,39889
다사4941,0,0,0,11,0,0,13,20,0,5,340,19879
다사5744,0,0,0,14,0,0,15,30,2,12,1549,35295
다사5741,0,0,0,0,0,0,2,0,0,2,157,4294
다사5155,0,0,0,7,0,1,11,32,0,11,476,15962
다사4148,0,0,0,19,0,1,25,21,0,16,1166,40532
다사4747,0,1,1,16,0,0,31,27,1,13,1349,31352
다사6154,0,1,1,10,0,1,15,19,3,10,693,22963
다사5851,0,1,1,26,0,1,32,32,2,24,1329,37449
다사5444,0,0,0,5,0,1,8,21,2,8,405,14352
다사5061,0,0,0,0,0,0,0,6,0,1,8,272
다사5542,0,0,0,14,0,1,17,37,1,8,616,17474
다사6143,0,0,0,15,0,0,8,21,2,2,409,17800
다사5758,0,0,0,10,0,1,17,33,2,13,723,31247
다사4947,0,0,0,21,0,1,12,23,3,11,431,9622
다사4850,1,0,1,21,0,1,53,53,2,5,319,15661
다사4249,0,0,0,6,0,0,24,26,0,23,1025,32563
다사6360,0,0,0,1,0,0,3,8,0,2,151,6906
다사7150,0,0,0,4,0,0,6,24,0,16,522,10893
다사5255,0,0,0,1,0,1,6,23,0,2,129,5309
다사4948,0,0,0,0,0,0,4,3,0,1,26,397
다사5860,0,2,1,18,0,3,35,33,1,17,780,30556
다사5049,0,0,0,12,0,1,19,32,1,16,1306,29158
다사3650,0,0,0,0,0,0,0,0,0,0,0,0
다사6546,0,0,0,18,0,1,26,19,3,21,1008,24826
다사6338,0,0,0,0,0,0,0,0,0,0,0,6
다사6047,0,0,0,7,0,0,16,8,0,3,506,12318
다사4755,0,0,0,8,0,0,9,24,0,7,781,23168
다사4742,0,1,1,13,0,0,30,32,0,10,734,30419
다사5749,0,0,0,20,0,1,16,42,3,18,1594,27791
다사5253,0,1,1,2,0,0,3,9,0,5,320,10661
다사6557,0,0,0,1,0,0,1,21,1,9,391,9805
다사7053,0,0,0,0,0,0,0,2,0,0,0,81
다사6159,0,0,0,10,0,1,16,31,2,26,1099,37805
다사6450,0,0,0,2,0,0,6,8,0,7,435,15943
다사4152,0,0,0,3,0,0,11,20,1,2,162,8663
다사5058,0,0,0,0,0,0,0,1,0,1,54,2168
다사5750,0,0,0,13,0,1,9,46,1,20,1795,36844
다사5455,0,0,0,0,0,0,0,0,0,0,20,616
다사4857,0,1,1,30,0,1,36,39,3,12,858,37500
다사6256,0,0,0,7,0,0,18,15,1,11,640,25066
다사4550,0,0,0,1,0,0,3,4,0,3,92,1231
다사6153,0,0,0,9,0,0,11,14,0,14,734,21964
다사5949,0,0,0,3,0,0,10,23,2,4,439,9902
다사4542,1,0,1,15,0,1,14,55,2,5,34,4636
다사5656,0,0,0,12,0,1,18,38,0,8,609,20752
다사5965,0,0,0,3,0,0,5,10,1,1,106,5985
다사4853,0,0,0,15,0,1,21,40,0,16,1775,43425
다사5938,0,0,0,0,0,0,0,0,0,0,0,0
다사5661,0,0,0,0,0,0,0,1,0,2,102,3797
다사5251,0,0,0,11,0,1,19,48,3,7,546,22901
다사6458,0,0,0,0,0,0,0,4,0,0,11,267
다사5765,0,0,0,0,0,0,0,0,0,0,0,0
다사5957,0,0,0,6,0,0,11,47,0,10,858,25935
다사5341,0,0,0,1,0,1,13,4,0,6,535,20323
다사5056,0,0,0,3,0,0,4,7,0,5,624,10568
다사6440,0,0,0,3,0,0,4,20,0,7,434,9962
다사4957,0,0,0,14,0,1,20,28,1,10,761,28303
다사7151,0,0,0,4,0,1,9,26,0,17,457,15346
다사5854,0,1,1,9,0,0,20,24,1,4,84,7261
다사4344,0,1,1,14,1,0,15,38,1,19,1108,26777
다사4750,0,0,0,13,0,1,27,25,1,16,895,27109
다사6544,0,0,0,29,0,0,19,14,1,20,1843,33216
다사5346,0,0,0,8,0,0,4,12,0,4,587,13275
다사4951,0,0,0,10,0,1,39,23,0,4,498,21488
다사4751,1,0,1,10,0,0,33,36,1,15,684,32978
다사5044,0,0,0,10,0,0,16,41,0,22,1122,34500
다사5946,0,0,0,19,0,0,31,13,3,7,845,23721
다사6261,0,0,0,15,0,1,16,25,0,12,871,40228
다사4852,0,0,0,15,0,0,16,33,1,19,1397,26836
다사3551,0,0,0,0,0,0,0,2,0,0,0,6
다사5344,0,0,0,0,0,0,0,3,1,0,75,1089
다사5766,0,0,0,0,0,0,0,0,0,0,0,0
다사5254,0,0,0,0,0,0,1,5,0,1,46,1767
다사6656,0,0,0,0,0,0,0,0,0,0,0,27
다사5442,0,0,0,15,0,1,22,37,1,8,508,18223
다사4546,0,0,0,1,0,0,12,20,1,16,1297,19372
다사6144,0,0,0,14,0,1,24,20,1,12,749,29785
다사6347,0,0,0,1,0,0,5,0,0,7,301,7749
다사5443,0,0,0,30,0,1,29,35,2,9,651,25548
다사6641,0,0,0,0,0,0,2,5,2,0,6,283
다사4646,0,0,0,15,0,1,16,28,1,13,854,17623
다사6541,0,0,0,2,0,0,7,13,0,10,445,11599
다사3550,0,0,0,0,0,0,0,0,0,0,0,0
다사4939,0,0,0,0,0,0,0,0,0,0,0,9
다사5746,0,0,0,28,0,1,36,17,1,7,555,16905
다사4549,0,0,0,2,0,0,5,15,1,6,359,12768
다사5142,0,1,1,30,0,0,54,31,1,8,414,39634
다사5548,0,0,0,6,0,1,16,26,1,5,238,14329
다사5950,0,0,0,0,0,0,7,17,1,9,641,12767
다사5348,0,0,0,2,1,1,13,16,2,4,613,13113
